title,work_policy,location,department,employment_type,experience_level,job_type,salary_range,job_slug,posted_days_ago
Full Stack Engineer,Remote,"Berlin, Germany",Product,Full time,Senior,Temporary,AED 8K–12K / month,full-stack-engineer-berlin,40 days ago
Business Analyst,Hybrid,"Riyadh, Saudi Arabia",Customer Success,Part time,Mid-level,Permanent,USD 4K–6K / month,business-analyst-riyadh,5 days ago
Software Engineer,Remote,"Berlin, Germany",Sales,Contract,Senior,Permanent,SAR 10K–18K / month,software-engineer-berlin,32 days ago
Marketing Manager,Hybrid,"Boston, United States",Engineering,Part time,Mid-level,Temporary,AED 8K–12K / month,marketing-manager-boston,22 days ago
UX Researcher,Hybrid,"Boston, United States",Engineering,Full time,Senior,Permanent,USD 4K–6K / month,ux-researcher-boston,31 days ago
AI Product Manager,On-site,"Athens, Greece",Operations,Full time,Junior,Internship,INR 8L–15L / year,ai-product-manager-athens,37 days ago
Sales Development Representative,Remote,"Berlin, Germany",Marketing,Full time,Mid-level,Temporary,INR 8L–15L / year,sales-development-representative-berlin,27 days ago
Frontend Engineer,Hybrid,"Athens, Greece",Engineering,Part time,Junior,Temporary,USD 80K–120K / year,frontend-engineer-athens,59 days ago
Sales Development Representative,On-site,"Cairo, Egypt",Sales,Contract,Senior,Internship,USD 4K–6K / month,sales-development-representative-cairo,Posted today
Data Analyst,On-site,"Dubai, United Arab Emirates",Customer Success,Full time,Mid-level,Permanent,AED 8K–12K / month,data-analyst-dubai,53 days ago
Solutions Consultant,Hybrid,"Hyderabad, India",Engineering,Contract,Junior,Internship,AED 8K–12K / month,solutions-consultant-hyderabad,41 days ago
Mobile Developer (Flutter),Hybrid,"Athens, Greece",Operations,Part time,Senior,Permanent,USD 80K–120K / year,mobile-developer-(flutter)-athens,43 days ago
Operations Associate,Hybrid,"Bangalore, India",Analytics,Contract,Junior,Internship,SAR 10K–18K / month,operations-associate-bangalore,16 days ago
QA Engineer,Hybrid,"Berlin, Germany",Marketing,Contract,Junior,Temporary,INR 8L–15L / year,qa-engineer-berlin,48 days ago
UX Researcher,On-site,"Berlin, Germany",R&D,Full time,Senior,Internship,USD 80K–120K / year,ux-researcher-berlin,7 days ago
Product Designer,On-site,"Boston, United States",Operations,Part time,Mid-level,Permanent,AED 12K–18K / month,product-designer-boston,52 days ago
Full Stack Engineer,Hybrid,"Dubai, United Arab Emirates",Engineering,Part time,Mid-level,Permanent,INR 8L–15L / year,full-stack-engineer-dubai,22 days ago
Product Designer,Remote,"Istanbul, Turkey",Customer Success,Full time,Mid-level,Temporary,SAR 10K–18K / month,product-designer-istanbul,17 days ago
Marketing Manager,On-site,"Dubai, United Arab Emirates",Engineering,Full time,Mid-level,Internship,AED 8K–12K / month,marketing-manager-dubai,3 days ago
AI Product Manager,Hybrid,"Cairo, Egypt",Analytics,Full time,Junior,Permanent,AED 12K–18K / month,ai-product-manager-cairo,17 days ago
Marketing Manager,Hybrid,"Boston, United States",Analytics,Part time,Junior,Temporary,AED 12K–18K / month,marketing-manager-boston,55 days ago
Backend Developer,Hybrid,"Bangalore, India",Product,Part time,Senior,Temporary,USD 80K–120K / year,backend-developer-bangalore,21 days ago
Technical Writer,On-site,"Berlin, Germany",Sales,Full time,Junior,Permanent,SAR 10K–18K / month,technical-writer-berlin,13 days ago
DevOps Engineer,Hybrid,"Dubai, United Arab Emirates",Customer Success,Contract,Junior,Internship,USD 80K–120K / year,devops-engineer-dubai,37 days ago
Customer Success Executive,Hybrid,"Istanbul, Turkey",Customer Success,Full time,Junior,Temporary,SAR 10K–18K / month,customer-success-executive-istanbul,25 days ago
Marketing Manager,On-site,"Cairo, Egypt",Product,Part time,Mid-level,Temporary,USD 80K–120K / year,marketing-manager-cairo,12 days ago
Sales Development Representative,Hybrid,"Hyderabad, India",Marketing,Full time,Senior,Permanent,AED 12K–18K / month,sales-development-representative-hyderabad,43 days ago
Product Designer,Hybrid,"Boston, United States",Analytics,Full time,Mid-level,Temporary,INR 8L–15L / year,product-designer-boston,42 days ago
Sales Development Representative,Hybrid,"Berlin, Germany",Operations,Contract,Senior,Temporary,USD 80K–120K / year,sales-development-representative-berlin,57 days ago
Technical Writer,Remote,"Athens, Greece",Product,Part time,Senior,Permanent,USD 4K–6K / month,technical-writer-athens,56 days ago
Backend Developer,On-site,"Riyadh, Saudi Arabia",IT Support,Contract,Junior,Permanent,USD 4K–6K / month,backend-developer-riyadh,59 days ago
Operations Associate,Hybrid,"Cairo, Egypt",Sales,Contract,Mid-level,Temporary,AED 8K–12K / month,operations-associate-cairo,22 days ago
Full Stack Engineer,Remote,"Dubai, United Arab Emirates",R&D,Contract,Mid-level,Permanent,USD 80K–120K / year,full-stack-engineer-dubai,20 days ago
UX Researcher,Remote,"Hyderabad, India",R&D,Full time,Senior,Permanent,AED 8K–12K / month,ux-researcher-hyderabad,5 days ago
Technical Writer,Hybrid,"Dubai, United Arab Emirates",Product,Part time,Senior,Internship,USD 4K–6K / month,technical-writer-dubai,15 days ago
Software Engineer,On-site,"Cairo, Egypt",Product,Part time,Senior,Internship,USD 4K–6K / month,software-engineer-cairo,22 days ago
QA Engineer,Remote,"Riyadh, Saudi Arabia",R&D,Full time,Senior,Temporary,AED 8K–12K / month,qa-engineer-riyadh,41 days ago
Full Stack Engineer,Hybrid,"Cairo, Egypt",Customer Success,Part time,Mid-level,Permanent,AED 12K–18K / month,full-stack-engineer-cairo,9 days ago
Sales Development Representative,Remote,"Riyadh, Saudi Arabia",IT Support,Contract,Mid-level,Temporary,AED 12K–18K / month,sales-development-representative-riyadh,7 days ago
Full Stack Engineer,Hybrid,"Cairo, Egypt",IT Support,Contract,Senior,Permanent,AED 12K–18K / month,full-stack-engineer-cairo,28 days ago
Business Analyst,On-site,"Boston, United States",Marketing,Part time,Senior,Internship,AED 12K–18K / month,business-analyst-boston,39 days ago
Product Designer,Remote,"Boston, United States",Engineering,Contract,Junior,Temporary,USD 80K–120K / year,product-designer-boston,9 days ago
Backend Developer,Hybrid,"Cairo, Egypt",Customer Success,Full time,Junior,Internship,AED 12K–18K / month,backend-developer-cairo,44 days ago
Marketing Manager,On-site,"Riyadh, Saudi Arabia",Analytics,Contract,Mid-level,Internship,USD 80K–120K / year,marketing-manager-riyadh,38 days ago
UX Researcher,Remote,"Cairo, Egypt",Sales,Full time,Junior,Permanent,INR 8L–15L / year,ux-researcher-cairo,42 days ago
Sales Development Representative,Remote,"London, England, United Kingdom",Operations,Part time,Senior,Permanent,USD 80K–120K / year,sales-development-representative-london,19 days ago
Customer Success Executive,On-site,"Riyadh, Saudi Arabia",R&D,Contract,Senior,Temporary,USD 80K–120K / year,customer-success-executive-riyadh,3 days ago
Business Analyst,Hybrid,"London, England, United Kingdom",Analytics,Contract,Mid-level,Internship,AED 12K–18K / month,business-analyst-london,58 days ago
Product Designer,Remote,"Hyderabad, India",R&D,Contract,Junior,Permanent,SAR 10K–18K / month,product-designer-hyderabad,56 days ago
UX Researcher,Hybrid,"Bangalore, India",Design,Part time,Junior,Permanent,INR 8L–15L / year,ux-researcher-bangalore,50 days ago
Solutions Consultant,On-site,"Bangalore, India",IT Support,Contract,Junior,Temporary,AED 8K–12K / month,solutions-consultant-bangalore,55 days ago
Business Analyst,On-site,"Athens, Greece",Design,Contract,Junior,Temporary,AED 8K–12K / month,business-analyst-athens,50 days ago
Mobile Developer (Flutter),On-site,"Athens, Greece",Design,Contract,Junior,Temporary,USD 4K–6K / month,mobile-developer-(flutter)-athens,21 days ago
Marketing Manager,Remote,"Bangalore, India",IT Support,Part time,Mid-level,Permanent,USD 80K–120K / year,marketing-manager-bangalore,46 days ago
UX Researcher,On-site,"Boston, United States",R&D,Full time,Senior,Internship,USD 80K–120K / year,ux-researcher-boston,19 days ago
Mobile Developer (Flutter),Remote,"Istanbul, Turkey",R&D,Contract,Mid-level,Temporary,AED 8K–12K / month,mobile-developer-(flutter)-istanbul,21 days ago
Frontend Engineer,Remote,"Istanbul, Turkey",Engineering,Full time,Senior,Internship,INR 8L–15L / year,frontend-engineer-istanbul,44 days ago
Operations Associate,On-site,"Riyadh, Saudi Arabia",Customer Success,Part time,Mid-level,Permanent,SAR 10K–18K / month,operations-associate-riyadh,15 days ago
Software Engineer,On-site,"Athens, Greece",Sales,Full time,Junior,Internship,USD 4K–6K / month,software-engineer-athens,7 days ago
Frontend Engineer,Hybrid,"Cairo, Egypt",Sales,Contract,Junior,Internship,AED 8K–12K / month,frontend-engineer-cairo,46 days ago
Cloud Architect,Remote,"Dubai, United Arab Emirates",Customer Success,Contract,Mid-level,Permanent,SAR 10K–18K / month,cloud-architect-dubai,48 days ago
Business Analyst,Remote,"Riyadh, Saudi Arabia",IT Support,Contract,Junior,Temporary,SAR 10K–18K / month,business-analyst-riyadh,56 days ago
Full Stack Engineer,Hybrid,"Hyderabad, India",Marketing,Contract,Mid-level,Internship,SAR 10K–18K / month,full-stack-engineer-hyderabad,46 days ago
Frontend Engineer,On-site,"Riyadh, Saudi Arabia",Customer Success,Contract,Senior,Internship,AED 8K–12K / month,frontend-engineer-riyadh,54 days ago
Frontend Engineer,On-site,"Istanbul, Turkey",IT Support,Contract,Junior,Internship,INR 8L–15L / year,frontend-engineer-istanbul,6 days ago
Customer Success Executive,Remote,"Berlin, Germany",Design,Part time,Mid-level,Temporary,SAR 10K–18K / month,customer-success-executive-berlin,13 days ago
Technical Writer,Hybrid,"Riyadh, Saudi Arabia",Analytics,Contract,Junior,Temporary,AED 8K–12K / month,technical-writer-riyadh,4 days ago
Operations Associate,On-site,"Dubai, United Arab Emirates",Product,Part time,Mid-level,Permanent,INR 8L–15L / year,operations-associate-dubai,52 days ago
Software Engineer,Remote,"London, England, United Kingdom",IT Support,Contract,Mid-level,Permanent,AED 8K–12K / month,software-engineer-london,8 days ago
QA Engineer,On-site,"London, England, United Kingdom",IT Support,Part time,Mid-level,Temporary,AED 12K–18K / month,qa-engineer-london,Posted today
Solutions Consultant,On-site,"Dubai, United Arab Emirates",Product,Part time,Senior,Temporary,INR 8L–15L / year,solutions-consultant-dubai,42 days ago
Marketing Manager,On-site,"Hyderabad, India",Product,Contract,Senior,Temporary,USD 4K–6K / month,marketing-manager-hyderabad,Posted today
Customer Success Executive,On-site,"Cairo, Egypt",Engineering,Full time,Mid-level,Permanent,AED 12K–18K / month,customer-success-executive-cairo,9 days ago
Full Stack Engineer,Remote,"Istanbul, Turkey",IT Support,Full time,Junior,Temporary,AED 12K–18K / month,full-stack-engineer-istanbul,35 days ago
Customer Success Executive,Remote,"Istanbul, Turkey",Engineering,Contract,Junior,Internship,USD 4K–6K / month,customer-success-executive-istanbul,51 days ago
Backend Developer,On-site,"Boston, United States",Operations,Part time,Mid-level,Permanent,INR 8L–15L / year,backend-developer-boston,40 days ago
AI Product Manager,Hybrid,"London, England, United Kingdom",Customer Success,Contract,Junior,Temporary,AED 12K–18K / month,ai-product-manager-london,46 days ago
Operations Associate,Hybrid,"Cairo, Egypt",IT Support,Contract,Senior,Temporary,USD 80K–120K / year,operations-associate-cairo,29 days ago
Marketing Manager,Remote,"Istanbul, Turkey",Design,Full time,Mid-level,Internship,SAR 10K–18K / month,marketing-manager-istanbul,45 days ago
UX Researcher,On-site,"Bangalore, India",Product,Contract,Senior,Permanent,USD 80K–120K / year,ux-researcher-bangalore,7 days ago
QA Engineer,Remote,"Hyderabad, India",Sales,Part time,Senior,Internship,AED 12K–18K / month,qa-engineer-hyderabad,8 days ago
Technical Writer,Hybrid,"Boston, United States",Operations,Full time,Senior,Permanent,INR 8L–15L / year,technical-writer-boston,6 days ago
Operations Associate,Hybrid,"Boston, United States",R&D,Part time,Junior,Permanent,SAR 10K–18K / month,operations-associate-boston,28 days ago
QA Engineer,Remote,"Hyderabad, India",Customer Success,Contract,Mid-level,Permanent,SAR 10K–18K / month,qa-engineer-hyderabad,22 days ago
Cloud Architect,Remote,"Hyderabad, India",Marketing,Contract,Junior,Temporary,SAR 10K–18K / month,cloud-architect-hyderabad,50 days ago
Full Stack Engineer,Hybrid,"Cairo, Egypt",Analytics,Full time,Junior,Internship,USD 4K–6K / month,full-stack-engineer-cairo,29 days ago
Customer Success Executive,Hybrid,"Boston, United States",Analytics,Contract,Junior,Permanent,SAR 10K–18K / month,customer-success-executive-boston,13 days ago
Operations Associate,Hybrid,"Bangalore, India",R&D,Full time,Junior,Permanent,USD 4K–6K / month,operations-associate-bangalore,37 days ago
Full Stack Engineer,Hybrid,"Berlin, Germany",Analytics,Contract,Senior,Internship,INR 8L–15L / year,full-stack-engineer-berlin,60 days ago
QA Engineer,On-site,"Hyderabad, India",Customer Success,Part time,Mid-level,Temporary,USD 4K–6K / month,qa-engineer-hyderabad,52 days ago
Mobile Developer (Flutter),Remote,"Dubai, United Arab Emirates",Product,Full time,Senior,Temporary,USD 80K–120K / year,mobile-developer-(flutter)-dubai,52 days ago
Data Analyst,Remote,"Bangalore, India",Product,Part time,Junior,Permanent,INR 8L–15L / year,data-analyst-bangalore,57 days ago
Full Stack Engineer,Remote,"Boston, United States",Engineering,Part time,Mid-level,Internship,AED 12K–18K / month,full-stack-engineer-boston,44 days ago
Business Analyst,Remote,"Dubai, United Arab Emirates",Operations,Part time,Senior,Temporary,SAR 10K–18K / month,business-analyst-dubai,55 days ago
UX Researcher,On-site,"Bangalore, India",Analytics,Full time,Mid-level,Temporary,USD 80K–120K / year,ux-researcher-bangalore,58 days ago
Frontend Engineer,On-site,"London, England, United Kingdom",Product,Part time,Senior,Permanent,AED 12K–18K / month,frontend-engineer-london,30 days ago
Cloud Architect,Hybrid,"Cairo, Egypt",Operations,Part time,Mid-level,Temporary,USD 4K–6K / month,cloud-architect-cairo,44 days ago
QA Engineer,On-site,"Berlin, Germany",Customer Success,Full time,Mid-level,Permanent,SAR 10K–18K / month,qa-engineer-berlin,45 days ago
Machine Learning Engineer,Remote,"Boston, United States",Sales,Contract,Senior,Temporary,INR 8L–15L / year,machine-learning-engineer-boston,6 days ago
Customer Success Executive,Remote,"Bangalore, India",Analytics,Full time,Mid-level,Permanent,INR 8L–15L / year,customer-success-executive-bangalore,56 days ago
DevOps Engineer,Remote,"Berlin, Germany",Sales,Part time,Junior,Temporary,SAR 10K–18K / month,devops-engineer-berlin,13 days ago
Customer Success Executive,On-site,"Cairo, Egypt",Customer Success,Contract,Junior,Internship,USD 80K–120K / year,customer-success-executive-cairo,18 days ago
Business Analyst,Hybrid,"Istanbul, Turkey",Customer Success,Full time,Mid-level,Internship,INR 8L–15L / year,business-analyst-istanbul,36 days ago
Marketing Manager,On-site,"Dubai, United Arab Emirates",Marketing,Contract,Senior,Temporary,SAR 10K–18K / month,marketing-manager-dubai,45 days ago
Cloud Architect,Hybrid,"Hyderabad, India",Operations,Part time,Senior,Temporary,SAR 10K–18K / month,cloud-architect-hyderabad,30 days ago
Customer Success Executive,On-site,"Bangalore, India",Engineering,Part time,Junior,Permanent,AED 12K–18K / month,customer-success-executive-bangalore,15 days ago
Mobile Developer (Flutter),On-site,"Berlin, Germany",Operations,Part time,Junior,Permanent,SAR 10K–18K / month,mobile-developer-(flutter)-berlin,18 days ago
Business Analyst,Remote,"Bangalore, India",Customer Success,Contract,Senior,Permanent,SAR 10K–18K / month,business-analyst-bangalore,23 days ago
UX Researcher,On-site,"Dubai, United Arab Emirates",R&D,Full time,Mid-level,Internship,AED 8K–12K / month,ux-researcher-dubai,27 days ago
DevOps Engineer,On-site,"London, England, United Kingdom",R&D,Part time,Mid-level,Internship,USD 4K–6K / month,devops-engineer-london,3 days ago
Mobile Developer (Flutter),Remote,"Riyadh, Saudi Arabia",Marketing,Part time,Junior,Temporary,USD 80K–120K / year,mobile-developer-(flutter)-riyadh,60 days ago
UX Researcher,On-site,"Athens, Greece",Engineering,Contract,Junior,Internship,AED 8K–12K / month,ux-researcher-athens,48 days ago
Frontend Engineer,Remote,"Istanbul, Turkey",R&D,Full time,Mid-level,Internship,AED 12K–18K / month,frontend-engineer-istanbul,21 days ago
AI Product Manager,On-site,"Boston, United States",Engineering,Full time,Junior,Temporary,AED 12K–18K / month,ai-product-manager-boston,18 days ago
Technical Writer,On-site,"Dubai, United Arab Emirates",Analytics,Part time,Mid-level,Internship,AED 8K–12K / month,technical-writer-dubai,38 days ago
Machine Learning Engineer,On-site,"Istanbul, Turkey",Operations,Contract,Senior,Permanent,INR 8L–15L / year,machine-learning-engineer-istanbul,58 days ago
AI Product Manager,Hybrid,"Boston, United States",R&D,Full time,Mid-level,Permanent,AED 8K–12K / month,ai-product-manager-boston,35 days ago
Mobile Developer (Flutter),On-site,"Berlin, Germany",Design,Contract,Mid-level,Permanent,INR 8L–15L / year,mobile-developer-(flutter)-berlin,39 days ago
Software Engineer,On-site,"Bangalore, India",Marketing,Contract,Junior,Temporary,USD 4K–6K / month,software-engineer-bangalore,Posted today
Sales Development Representative,Remote,"Bangalore, India",Customer Success,Part time,Senior,Internship,SAR 10K–18K / month,sales-development-representative-bangalore,51 days ago
Backend Developer,Hybrid,"Dubai, United Arab Emirates",Marketing,Part time,Senior,Permanent,USD 4K–6K / month,backend-developer-dubai,43 days ago
Mobile Developer (Flutter),Remote,"Berlin, Germany",Customer Success,Full time,Junior,Permanent,USD 4K–6K / month,mobile-developer-(flutter)-berlin,23 days ago
Machine Learning Engineer,Hybrid,"Istanbul, Turkey",IT Support,Part time,Senior,Internship,AED 8K–12K / month,machine-learning-engineer-istanbul,48 days ago
Business Analyst,Hybrid,"Bangalore, India",Engineering,Full time,Junior,Temporary,USD 80K–120K / year,business-analyst-bangalore,34 days ago
Data Analyst,On-site,"Athens, Greece",IT Support,Full time,Junior,Temporary,AED 12K–18K / month,data-analyst-athens,48 days ago
AI Product Manager,Remote,"London, England, United Kingdom",Engineering,Part time,Mid-level,Permanent,INR 8L–15L / year,ai-product-manager-london,30 days ago
Backend Developer,On-site,"Dubai, United Arab Emirates",IT Support,Contract,Mid-level,Internship,INR 8L–15L / year,backend-developer-dubai,14 days ago
Data Analyst,On-site,"Hyderabad, India",Analytics,Full time,Mid-level,Internship,INR 8L–15L / year,data-analyst-hyderabad,53 days ago
Backend Developer,Hybrid,"Berlin, Germany",Engineering,Contract,Senior,Temporary,USD 4K–6K / month,backend-developer-berlin,60 days ago
Mobile Developer (Flutter),Hybrid,"Riyadh, Saudi Arabia",Operations,Full time,Junior,Temporary,INR 8L–15L / year,mobile-developer-(flutter)-riyadh,29 days ago
QA Engineer,Hybrid,"Istanbul, Turkey",Analytics,Full time,Mid-level,Permanent,USD 4K–6K / month,qa-engineer-istanbul,56 days ago
QA Engineer,Remote,"Athens, Greece",Operations,Full time,Senior,Temporary,AED 8K–12K / month,qa-engineer-athens,28 days ago
Operations Associate,Hybrid,"Cairo, Egypt",R&D,Full time,Mid-level,Internship,AED 12K–18K / month,operations-associate-cairo,20 days ago
Technical Writer,On-site,"Bangalore, India",IT Support,Full time,Junior,Temporary,AED 8K–12K / month,technical-writer-bangalore,5 days ago
Solutions Consultant,Hybrid,"Athens, Greece",Operations,Full time,Mid-level,Internship,SAR 10K–18K / month,solutions-consultant-athens,7 days ago
QA Engineer,Remote,"Dubai, United Arab Emirates",Customer Success,Part time,Mid-level,Permanent,USD 80K–120K / year,qa-engineer-dubai,55 days ago
Software Engineer,Hybrid,"Boston, United States",R&D,Contract,Junior,Internship,AED 8K–12K / month,software-engineer-boston,16 days ago
Customer Success Executive,Hybrid,"Dubai, United Arab Emirates",Product,Contract,Senior,Internship,SAR 10K–18K / month,customer-success-executive-dubai,5 days ago
QA Engineer,Hybrid,"London, England, United Kingdom",Marketing,Contract,Senior,Internship,INR 8L–15L / year,qa-engineer-london,8 days ago
Machine Learning Engineer,Hybrid,"Bangalore, India",Design,Full time,Junior,Temporary,USD 80K–120K / year,machine-learning-engineer-bangalore,19 days ago
Solutions Consultant,Hybrid,"Bangalore, India",IT Support,Part time,Junior,Temporary,AED 8K–12K / month,solutions-consultant-bangalore,55 days ago
Mobile Developer (Flutter),Hybrid,"Hyderabad, India",Customer Success,Full time,Junior,Internship,SAR 10K–18K / month,mobile-developer-(flutter)-hyderabad,16 days ago
Frontend Engineer,On-site,"Istanbul, Turkey",Product,Contract,Junior,Temporary,AED 8K–12K / month,frontend-engineer-istanbul,60 days ago
QA Engineer,Hybrid,"Cairo, Egypt",Customer Success,Full time,Junior,Internship,AED 12K–18K / month,qa-engineer-cairo,7 days ago
Business Analyst,Remote,"Dubai, United Arab Emirates",R&D,Part time,Junior,Permanent,SAR 10K–18K / month,business-analyst-dubai,15 days ago
Operations Associate,Hybrid,"Berlin, Germany",Product,Contract,Mid-level,Internship,AED 12K–18K / month,operations-associate-berlin,7 days ago
Frontend Engineer,On-site,"Athens, Greece",Sales,Part time,Senior,Internship,AED 12K–18K / month,frontend-engineer-athens,50 days ago
Marketing Manager,Hybrid,"Athens, Greece",IT Support,Full time,Senior,Internship,SAR 10K–18K / month,marketing-manager-athens,6 days ago
Product Designer,Hybrid,"Dubai, United Arab Emirates",R&D,Contract,Junior,Internship,USD 4K–6K / month,product-designer-dubai,16 days ago
Solutions Consultant,Hybrid,"Boston, United States",Engineering,Part time,Mid-level,Internship,AED 12K–18K / month,solutions-consultant-boston,15 days ago